image_filename, song_feat1, song_feat1, song_feat1, song_feat1, song_feat1, song_feat1, song_feat1, song_feat1, song_feat1, song_feat1, song_feat1, song_feat1, song_feat1, song_feat1, song_feat1, song_feat1, song_feat1, song_feat1, song_feat1, song_feat1, song_feat1, song_feat1, song_feat1, song_feat1, song_feat1, song_feat1, song_feat1, song_feat1, song_feat1, song_feat1, song_feat1, song_feat1, song_feat1, song_feat1, song_feat1, song_feat1, song_feat1, song_feat1, song_feat1, song_feat1, song_feat1, song_feat1, song_feat1, song_feat1, song_feat1, song_feat1, song_feat1, song_feat1, song_feat1, song_feat1, song_feat1, song_feat1, song_feat1, song_feat1, song_feat1, song_feat1, song_feat1, song_feat1
happhy.jpg, 0.730834841728,0.452379614115,5.38787126541,1242.43188477,0.073393009603,0.0587083883584,0.000153934699483,0.00563180120662,0.0014733952703,0.00099407415837,0.00171319197398,0.000913803756703,0.00122330232989,0.00140704459045,0.00218217051588,0.00293917139061,0.00133293727413,0.00179947854485,0.0013736016117,0.000891951087397,0.00035210151691,0.000292371609248,0.000196150533156,0.000177090696525,0.000141186450492,0.000190200153156,0.000116518996947,0.000121458411741,0.000107300620584,9.79163305601e-05,8.01134519861e-05,2.66523875325e-05,5.63931735087e-06,-683.442871094,128.028030396,-12.8423948288,-0.730077385902,-6.79468917847,-2.13659763336,0.777765393257,4.36371088028,-0.7128226161,3.1041765213,-0.00753850350156,-2.64036726952,-3.01365876198,105.055831909,539.0,1.04016268253,3.17862582207,0.528761565685,14.9700431824,1.75616884232,0.687550842762,0.697248637676,0.708123028278,251.667602539,48000.0
